"question_key","reason","source_file"
"livestock-pathology:8003","เฉลยหรือขอบเขตยังรอการตรวจสอบ","src/data/questions-y5-final-mixed.js"
"livestock-pathology:8556","เฉลยหรือขอบเขตยังรอการตรวจสอบ","src/data/questions-y5-vision-batch.js"
"livestock-pathology:8557","เฉลยหรือขอบเขตยังรอการตรวจสอบ","src/data/questions-y5-vision-batch.js"
"livestock-pathology:8558","เฉลยหรือขอบเขตยังรอการตรวจสอบ","src/data/questions-y5-vision-batch.js"
"livestock-pathology:8559","เฉลยหรือขอบเขตยังรอการตรวจสอบ","src/data/questions-y5-vision-batch.js"
"livestock-pathology:8560","เฉลยหรือขอบเขตยังรอการตรวจสอบ","src/data/questions-y5-vision-batch.js"
"livestock-pathology:8561","เฉลยหรือขอบเขตยังรอการตรวจสอบ","src/data/questions-y5-vision-batch.js"
"livestock-pathology:8562","เฉลยหรือขอบเขตยังรอการตรวจสอบ","src/data/questions-y5-vision-batch.js"
"livestock-pathology:8563","เฉลยหรือขอบเขตยังรอการตรวจสอบ","src/data/questions-y5-vision-batch.js"
"poa-clinical:8500","เฉลยหรือขอบเขตยังรอการตรวจสอบ","src/data/questions-y5-osce-med.js"
"poa-clinical:8501","เฉลยหรือขอบเขตยังรอการตรวจสอบ","src/data/questions-y5-osce-med.js"
"poa-clinical:8502","เฉลยหรือขอบเขตยังรอการตรวจสอบ","src/data/questions-y5-osce-med.js"
"poa-clinical:8503","เฉลยหรือขอบเขตยังรอการตรวจสอบ","src/data/questions-y5-osce-med.js"
"poa-clinical:8504","เฉลยหรือขอบเขตยังรอการตรวจสอบ","src/data/questions-y5-osce-med.js"
"poa-clinical:8505","เฉลยหรือขอบเขตยังรอการตรวจสอบ","src/data/questions-y5-osce-med.js"
"poa-clinical:8506","เฉลยหรือขอบเขตยังรอการตรวจสอบ","src/data/questions-y5-osce-med.js"
"poa-clinical:8507","เฉลยหรือขอบเขตยังรอการตรวจสอบ","src/data/questions-y5-osce-med.js"
"poa-clinical:8508","เฉลยหรือขอบเขตยังรอการตรวจสอบ","src/data/questions-y5-osce-med.js"
"poa-clinical:8509","เฉลยหรือขอบเขตยังรอการตรวจสอบ","src/data/questions-y5-osce-med.js"
"poa-clinical:8510","เฉลยหรือขอบเขตยังรอการตรวจสอบ","src/data/questions-y5-osce-med.js"
"poa-clinical:8511","เฉลยหรือขอบเขตยังรอการตรวจสอบ","src/data/questions-y5-osce-med.js"
"poa-clinical:8512","เฉลยหรือขอบเขตยังรอการตรวจสอบ","src/data/questions-y5-osce-med.js"
"poa-clinical:8513","เฉลยหรือขอบเขตยังรอการตรวจสอบ","src/data/questions-y5-osce-med.js"
"poa-clinical:8564","เฉลยหรือขอบเขตยังรอการตรวจสอบ","src/data/questions-y5-vision-batch.js"
"poa-clinical:8565","เฉลยหรือขอบเขตยังรอการตรวจสอบ","src/data/questions-y5-vision-batch.js"
"poa-clinical:8566","เฉลยหรือขอบเขตยังรอการตรวจสอบ","src/data/questions-y5-vision-batch.js"
"poa-clinical:8567","เฉลยหรือขอบเขตยังรอการตรวจสอบ","src/data/questions-y5-vision-batch.js"
"poa-clinical:8568","เฉลยหรือขอบเขตยังรอการตรวจสอบ","src/data/questions-y5-vision-batch.js"
"poa-clinical:8569","เฉลยหรือขอบเขตยังรอการตรวจสอบ","src/data/questions-y5-vision-batch.js"
"poa-clinical:8570","เฉลยหรือขอบเขตยังรอการตรวจสอบ","src/data/questions-y5-vision-batch.js"
"poa-clinical:8571","เฉลยหรือขอบเขตยังรอการตรวจสอบ","src/data/questions-y5-vision-batch.js"
"poa-clinical:8572","เฉลยหรือขอบเขตยังรอการตรวจสอบ","src/data/questions-y5-vision-batch.js"
"poa-clinical:8573","เฉลยหรือขอบเขตยังรอการตรวจสอบ","src/data/questions-y5-vision-batch.js"
"poa-clinical:8574","เฉลยหรือขอบเขตยังรอการตรวจสอบ","src/data/questions-y5-vision-batch.js"
"poa-clinical:8575","เฉลยหรือขอบเขตยังรอการตรวจสอบ","src/data/questions-y5-vision-batch.js"
"poultry:1702","เฉลยหรือขอบเขตยังรอการตรวจสอบ","src/data/questions-poultry.js"
"poultry:1707","เฉลยหรือขอบเขตยังรอการตรวจสอบ","src/data/questions-poultry.js"
"poultry:1714","เฉลยหรือขอบเขตยังรอการตรวจสอบ","src/data/questions-poultry.js"
"poultry:1719","เฉลยหรือขอบเขตยังรอการตรวจสอบ","src/data/questions-poultry.js"
"poultry:1728","เฉลยหรือขอบเขตยังรอการตรวจสอบ","src/data/questions-poultry.js"
"poultry:1729","เฉลยหรือขอบเขตยังรอการตรวจสอบ","src/data/questions-poultry.js"
"poultry:1731","เฉลยหรือขอบเขตยังรอการตรวจสอบ","src/data/questions-poultry.js"
"poultry:1736","เฉลยหรือขอบเขตยังรอการตรวจสอบ","src/data/questions-poultry.js"
"poultry:1741","เฉลยหรือขอบเขตยังรอการตรวจสอบ","src/data/questions-poultry.js"
"poultry:1747","เฉลยหรือขอบเขตยังรอการตรวจสอบ","src/data/questions-poultry.js"
"poultry:1750","เฉลยหรือขอบเขตยังรอการตรวจสอบ","src/data/questions-poultry.js"
"poultry:1759","เฉลยหรือขอบเขตยังรอการตรวจสอบ","src/data/questions-poultry.js"
"poultry:1763","เฉลยหรือขอบเขตยังรอการตรวจสอบ","src/data/questions-poultry.js"
"rec-adv-bioscience:8041","เฉลยหรือขอบเขตยังรอการตรวจสอบ","src/data/questions-y5-final-mixed.js"
"ruminant-clinical:8053","เฉลยหรือขอบเขตยังรอการตรวจสอบ","src/data/questions-y5-final-mixed.js"
"ruminant-clinical:8550","เฉลยหรือขอบเขตยังรอการตรวจสอบ","src/data/questions-y5-vision-batch.js"
"ruminant-clinical:8551","เฉลยหรือขอบเขตยังรอการตรวจสอบ","src/data/questions-y5-vision-batch.js"
"ruminant-clinical:8552","เฉลยหรือขอบเขตยังรอการตรวจสอบ","src/data/questions-y5-vision-batch.js"
"ruminant-clinical:8553","เฉลยหรือขอบเขตยังรอการตรวจสอบ","src/data/questions-y5-vision-batch.js"
"ruminant-clinical:8554","เฉลยหรือขอบเขตยังรอการตรวจสอบ","src/data/questions-y5-vision-batch.js"
"ruminant-clinical:8555","เฉลยหรือขอบเขตยังรอการตรวจสอบ","src/data/questions-y5-vision-batch.js"
"swine-clinic:8021","เฉลยหรือขอบเขตยังรอการตรวจสอบ","src/data/questions-y5-final-mixed.js"
"swine-clinic:8024","เฉลยหรือขอบเขตยังรอการตรวจสอบ","src/data/questions-y5-final-mixed.js"
"swine-clinic:8027","เฉลยหรือขอบเขตยังรอการตรวจสอบ","src/data/questions-y5-final-mixed.js"
"vca:8000","เฉลยหรือขอบเขตยังรอการตรวจสอบ","src/data/questions-y5-final-mixed.js"
"vca:8006","เฉลยหรือขอบเขตยังรอการตรวจสอบ","src/data/questions-y5-final-mixed.js"
"vca:8013","เฉลยหรือขอบเขตยังรอการตรวจสอบ","src/data/questions-y5-final-mixed.js"
"vca:8035","เฉลยหรือขอบเขตยังรอการตรวจสอบ","src/data/questions-y5-final-mixed.js"
"vca:8037","เฉลยหรือขอบเขตยังรอการตรวจสอบ","src/data/questions-y5-final-mixed.js"
"vet-juris:93037","เฉลยหรือขอบเขตยังรอการตรวจสอบ","src/data/questions-vet-juris.js"
